<?xml version="1.0" encoding="UTF-8"?>
<project-private xmlns="http://www.netbeans.org/ns/project-private/1">
    <editor-bookmarks xmlns="http://www.netbeans.org/ns/editor-bookmarks/2" lastBookmarkId="0"/>
    <open-files xmlns="http://www.netbeans.org/ns/projectui-open-files/2">
        <group>
            <file>file:/C:/Users/pierc/Documents/NetBeansProjects/ADSAssignment2/src/adsassignment2/TCPServer.java</file>
            <file>file:/C:/Users/pierc/Documents/NetBeansProjects/ADSAssignment2/src/adsassignment2/DatabaseConnection.java</file>
            <file>file:/C:/Users/pierc/Documents/NetBeansProjects/ADSAssignment2/src/adsassignment2/TCPClient.java</file>
            <file>file:/C:/Users/pierc/Documents/NetBeansProjects/ADSAssignment2/src/adsassignment2/Gcd.java</file>
            <file>file:/C:/Users/pierc/Documents/NetBeansProjects/ADSAssignment2/src/adsassignment2/Fibonnaci.java</file>
            <file>file:/C:/Users/pierc/Documents/NetBeansProjects/ADSAssignment2/src/adsassignment2/Task.java</file>
            <file>file:/C:/Users/pierc/Documents/NetBeansProjects/ADSAssignment2/src/adsassignment2/NewClass.java</file>
        </group>
    </open-files>
</project-private>
