<?xml version="1.0" encoding="UTF-8"?>
<project-private xmlns="http://www.netbeans.org/ns/project-private/1">
    <editor-bookmarks xmlns="http://www.netbeans.org/ns/editor-bookmarks/2" lastBookmarkId="0"/>
    <open-files xmlns="http://www.netbeans.org/ns/projectui-open-files/2">
        <group>
            <file>file:/C:/Users/Pierce/Documents/NetBeansProjects/TrafficProject/src/trafficproject/Model/VehicleAccident.java</file>
            <file>file:/C:/Users/Pierce/Documents/NetBeansProjects/TrafficProject/src/trafficproject/TrafficProject.java</file>
            <file>file:/C:/Users/Pierce/Documents/NetBeansProjects/TrafficProject/src/trafficproject/View/TrafficView.java</file>
            <file>file:/C:/Users/Pierce/Documents/NetBeansProjects/TrafficProject/src/trafficproject/Model/ITrafficModel.java</file>
            <file>file:/C:/Users/Pierce/Documents/NetBeansProjects/TrafficProject/src/trafficproject/View/ITrafficView.java</file>
            <file>file:/C:/Users/Pierce/Documents/NetBeansProjects/TrafficProject/src/trafficproject/Model/Vehicle.java</file>
            <file>file:/C:/Users/Pierce/Documents/NetBeansProjects/TrafficProject/src/trafficproject/Model/TrafficModel.java</file>
            <file>file:/C:/Users/Pierce/Documents/NetBeansProjects/TrafficProject/src/trafficproject/Presenter/TrafficPresenter.java</file>
            <file>file:/C:/Users/Pierce/Documents/NetBeansProjects/TrafficProject/src/trafficproject/Model/Accident.java</file>
        </group>
    </open-files>
</project-private>
